Date,estimated-transaction-volume-usd,estimated-transaction-volume,Output-volume,n-transactions-excluding-chains-longer-than-100,n-transactions-excluding-popular,n-unique-addresses,Cost-per-transaction,Transaction-fees,Miners-revenue,difficulty,Hash-rate,median-confirmation-time,n-transactions-per-block,n-orphaned-blocks,avg-block-size,trade-volume,market-price
2016-09-17,92793982.2665427,152553.93536841,1475509.56483543,134288,188780,376568,5.91294349193396,57.63998368,1239350.125,225832872179,1829872.71366204,8.5,1322.26380368098,0,0.754383938650307,8953094.94796302,608.006875
2016-09-18,101804671.492975,165789.45297361,1626466.70879886,115692,220874,369331,5.97873098455839,53.0225757,1112983.75,225832872179,1627800.88025151,7.7,1321.4,0,0.678307186206897,9289978.56372382,611.5859
2016-09-19,134760154.403919,221106.77036805,2074708.00794685,138893,244880,399754,4.71306962644832,66.12043758,1013869.98,225832872179,1493086.32464449,10.9666666666667,1680.75187969925,0,0.835041233082707,12354975.6769532,610.1965
2016-09-20,148383128.488273,243390.68069921,2304138.84372372,150612,235825,419627,4.87216267740786,69.34697102,1166565.275,225832872179,1717610.58398952,8.28333333333333,1620.83006535948,2,0.785474477124183,13349846.1244875,609.74875
2016-09-21,152507128.521997,255024.37839166,1867494.60631729,147081,228039,408180,5.34964437405477,64.96509855,1241468.76,225832872179,1863551.35256379,6.7,1441.06024096386,0,0.711351795180723,20607535.0871256,598.884875
2016-09-22,118467306.427236,198504.19977754,2326674.0280347,140995,219880,391223,4.71093543657528,62.72699094,1051860,225832872179,1582896.0283825,9.55,1639.90780141844,0,0.762582106382979,12923838.3341238,597.4226
2016-09-23,144015257.498247,238546.44122813,2253377.47809898,141956,206549,389323,4.76094942777752,60.05767564,1027531.44,225832872179,1526764.96354624,9.88333333333333,1641.08088235294,0,0.805261051470588,12358708.7830646,604.2225
2016-09-24,101454030.902097,168229.27836254,2031871.05284358,129762,193345,369379,6.15066094861494,59.4740433,1258908.625,225832872179,1874777.56553105,7,1260.53892215569,1,0.638012005988024,6905876.2885408,603.8854
2016-09-25,153681855.533673,256012.68642435,1861238.2534579,124190,227516,374974,7.22608776373133,50.00651953,1395674.25,234688749067,2230413.26476147,6.06666666666667,1060.74193548387,1,0.571385483870968,6562797.42036544,601.7472375
2016-09-26,151722294.058678,249096.67546451,2278155.60187445,148541,238511,430205,5.20758925814085,60.52560461,1165493.715,241227200229,1834694.78230379,6.95,1508.29411764706,0,0.770834411764706,14621404.8975316,608.1469625
2016-09-27,147525117.769907,244254.97163798,1775280.08270488,152623,230695,425011,5.40863978441359,63.63619115,1276511.73,241227200229,2026558.28894994,7.13333333333333,1437.91715976331,2,0.762229710059172,12980365.4284378,605.9622125
2016-09-28,150481349.962811,248972.30350724,2545689.05698079,152705,237287,433852,4.92474567059047,64.74431075,1119367.32,241227200229,1774737.43647687,9.05,1587.80405405405,0,0.782306155405405,9494530.32336664,605.679475
2016-09-29,154115925.829105,254451.0728918,1838851.92448833,156615,245515,440834,4.63134362542472,68.53955587,1083864.36,241227200229,1714780.09064995,9.35,1697.41258741259,0,0.832816377622378,12937983.9999381,606.36375
2016-09-30,153295465.536533,250909.16841779,2464312.41000339,156505,208930,442960,4.48816915355515,68.45068728,1084454,241227200229,1702788.62148456,9.28333333333333,1767.20422535211,0,0.843357401408451,12885196.8875655,609.3962875
2016-10-01,103778194.305686,168997.84117002,1536124.18253851,135733,188141,391458,5.80189823659492,58.7351644,1205132,241227200229,1882660.65896533,7.68333333333333,1362.61146496815,0,0.711277044585987,7094655.17853165,614.8238
2016-10-02,98603245.0443822,161729.5057151,1420395.1808181,127679,255570,396449,5.74587121491268,53.42262056,1074561,241227200229,1690797.15231918,8.76666666666667,1366.54609929078,0,0.718532163120567,9087020.02498057,610.5189125
2016-10-03,153303975.304039,250145.18047195,2004659.20174566,158004,259375,469732,4.64243889766163,75.66885784,1164434,241227200229,1822703.31313841,8.76666666666667,1715.875,1,0.865433519736842,11646426.4053177,611.8511
2016-10-04,168434258.217182,275755.56755322,1906791.15251349,167686,261818,477181,4.72202003792242,71.03602966,1206349.75,241227200229,1894652.12813071,9.21666666666667,1675.07594936709,0,0.823938892405063,12709516.1754554,609.6248125
2016-10-05,149242509.558375,243264.07425978,2302843.29977647,166545,269284,470499,4.96730204106525,72.77844316,1281294.75,241227200229,2002575.35061917,8.21666666666667,1597.67065868263,0,0.788912035928144,11326509.2509257,612.3522875
2016-10-06,147862058.632374,240794.15469559,2291725.00663057,166297,262224,497719,4.6761018213935,77.72649993,1237023.87,241227200229,1930626.53562686,8.46666666666667,1704.88198757764,0,0.827400583850932,10859575.0872504,612.08875
2016-10-07,143894359.711071,232121.37199121,2375918.79916293,159693,241852,471181,4.32506315272474,72.73818198,1116457.91,241227200229,1726771.55981533,8.65,1864.02083333333,1,0.8684020625,15826419.3015592,617.21035
2016-10-08,132635392.01253,213666.13830229,2376975.88288046,153294,202451,439803,5.39854093051207,67.51007174,1311355.5,250540187707,2171858.80432592,6.35,1483.26627218935,0,0.761241775147929,7779460.19892712,618.046
2016-10-09,118494680.529193,192461.47435225,2698212.13166017,134274,220329,410522,6.01876060548205,58.27379152,1232591.36,258522748404,2056197.68456892,7.16666666666667,1315.925,0,0.68225275,6954834.42997824,615.65675
2016-10-10,147286256.400875,237992.23811281,2601110.01646403,146119,258548,421619,4.49020421188534,68.34518804,969459.855,258522748404,1606404.44106947,11.25,1798.192,1,0.857546336,13372142.5334413,617.54825
2016-10-11,194960089.535012,304140.41611028,2864039.24135101,177381,231243,444786,4.42220259690209,80.75501147,1114413.27,258522748404,1786321.73846925,10.9666666666667,1896.15107913669,0,0.923088669064748,29027519.1582502,639.30995
2016-10-12,291240400.927516,456876.35448109,2714191.17601896,151054,225582,400579,5.08946759044204,69.03655168,1156671.17,258522748404,1863429.15164058,9.51666666666667,1625.26896551724,1,0.865467813793103,14634705.6095759,635.0139375
2016-10-13,165694238.83293,259949.23021749,2088161.19223908,158721,235124,400731,4.62614608742918,67.12105979,1020493.41,258522748404,1644958.14765514,10.0666666666667,1794.5546875,0,0.9120396875,14355952.0573632,635.9650875
2016-10-14,152633388.497268,237995.08598891,2021409.06019789,160177,206188,423263,4.72993985346068,68.01350542,1090902.33,258522748404,1747768.03188358,10.2333333333333,1762.67647058824,0,0.858694691176471,12472092.7624402,639.565642857143
2016-10-15,129633563.747995,202679.11780487,3408105.66958182,143497,193764,384627,5.58489207572949,62.6006372,1135929.6,258522748404,1824875.44505492,10.2166666666667,1482.02816901408,0,0.781651549295775,6525990.9413386,637.949857142857
2016-10-16,118023531.20024,183192.39313358,2461115.97557144,134442,233318,383032,5.47817156068659,57.54846761,1047566.76,258522748404,1670660.61871225,8.28333333333333,1522.12307692308,0,0.758897684615385,6985758.74822197,641.425125
2016-10-17,162800543.735479,254761.97320232,1887070.93736659,166443,246870,435282,4.4040282314466,72.44112233,1001040.495,258522748404,1606404.44106947,11.2666666666667,1897.856,0,0.929673328,15611329.769091,638.1833875
2016-10-18,216932535.923707,339498.1625774,2509108.68066043,165754,195522,435277,5.1183750258174,77.24037508,1239301.71,258522748404,1991941.50692614,9.11666666666667,1622.71612903226,0,0.841848612903226,14579936.5177125,636.2965
2016-10-19,154515407.861953,244660.60939269,1956770.55801153,139661,265025,406991,5.14620892954254,63.05977367,998480.55,258522748404,1619255.67659802,10.25,1595.43650793651,1,0.808916111111111,20346645.9027742,629.253675
2016-10-20,183925044.682176,290684.8808847,2465644.968719,189028,260621,415474,4.12877183558272,89.31863339,1065517.32,258522748404,1722065.56082647,13.4166666666667,2017.76119402985,0,0.977431686567164,12216884.5043264,630.22705
2016-10-21,158295045.013535,249142.28943203,3172355.53479678,167442,212078,453739,5.09064041602511,76.08109984,1302488,258522748404,2107602.62668314,6.7,1618.01829268293,0,0.791085920731707,16705327.8898865,631.9242125
2016-10-22,127614330.114189,192181.57329366,1351493.2184269,152388,187498,392804,5.91117744212964,66.62886636,1237419.905,257535264827.557,1878507.28210418,7.9,1454.41610738255,0,0.793872953020134,22686988.3445596,655.4886625
2016-10-23,104494840.845125,158618.72073397,1877896.51694899,138080,222000,376683,6.42177330651466,67.49823388,1186462.78,253618246641,1815470.12498659,9.28333333333333,1330.40277777778,0,0.792336895833333,11562593.8994809,653.0028625
2016-10-24,207336575.28073,316549.22255413,3736942.23494067,152458,231657,433234,5.39229997044628,81.14570038,1173414.585,253618246641,1802862.69356308,9.13333333333333,1587.27272727273,0,0.886370272727273,17690445.870383,651.396425
2016-10-25,195708742.53039,297524.6545712,3108006.83436674,163127,221026,432977,5.09678701110122,99.09135171,1158039.295,253618246641,1752432.967869,12.15,1705.25179856115,0,0.943928338129496,23862151.3272269,655.31995
2016-10-26,176802053.030709,262305.9107617,2207786.45616698,161510,321760,431781,5.55684268534795,125.06416902,1204154.595,253618246641,1752432.967869,19.8833333333333,1625.35251798561,1,0.974569446043165,32748237.8961147,672.2214125
2016-10-27,283234072.631908,413239.09050468,3492141.35920222,229969,245721,457806,4.48559129008155,111.04197547,1402328.4,253618246641,2042403.89060992,12.45,2014.74074074074,0,0.977625672839506,26863753.6490747,682.2239625
2016-10-28,194600191.984387,281829.12422249,1564832.96989642,172862,223780,434269,5.45560178255592,82.18591551,1318835.9,253618246641,1916329.57637474,8.2,1650.5,0,0.816514105263158,22221917.8413944,687.6883375
2016-10-29,167480078.006046,233724.65775297,1503224.75170966,170169,202975,416457,6.03876670060795,73.16334719,1338194.475,253618246641,1878507.28210418,7.96666666666667,1541.53691275168,0,0.773039704697987,29728643.8012305,714.89545
2016-10-30,179744501.359797,255376.9341893,1345052.92081529,150690,236627,360327,7.31443161668604,62.96767922,1487565.84,253618246641,2130655.91057454,8.75,1238.68047337278,1,0.627130147928994,21222263.7923216,698.0034
2016-10-31,207351752.694342,294128.47737399,1806193.77652676,162867,242315,458880,5.58023044097932,76.30761672,1298202.255,253618246641,1853292.41925715,12.9,1644.74829931973,0,0.810984272108843,23116856.3810014,702.0015125
2016-11-01,211281401.080994,287696.45703372,1846449.78255955,172133,264422,446989,5.59429522388823,78.88304167,1321902,253618246641,1815470.12498659,11.775,1712.84722222222,0,0.857051659722222,41882993.0835102,728.2068875
2016-11-02,169116165.318624,228569.33506146,4781474.41264023,181477,267456,461830,4.80186291617541,79.52440935,1230807.015,253618246641,1676788.3793279,8.98333333333333,2018.18045112782,0,0.90370907518797,24177015.5443948,733.336125
2016-11-03,204145450.347447,295884.41241749,6819766.20394475,183320,243410,457533,5.12210489673079,79.22807198,1348852.25,253618246641,1966759.30206881,11.7,1752.16666666667,1,0.833673211538462,56296677.0219227,686.170875
2016-11-04,198460199.871682,280307.05762868,5890890.01915306,173263,236682,453192,4.37959531570862,84.33985522,1036526.64,253618246641,1462462.04512809,12.5,2138.30172413793,0,0.956108198275862,29358873.2932672,703.6940875
2016-11-05,123153407.340284,173724.65416883,5873497.85148725,170665,222005,426001,5.67357451091625,74.56670338,1325997.45,253967917207.953,1885928.48644027,8.76666666666667,1624.37583892617,2,0.792772073825503,14017411.0236049,704.7909
2016-11-06,169183042.944211,236685.84631255,5461737.25483181,159506,268563,429823,6.24854299236228,71.77139104,1379564,254620187304,1949214.67726041,11.05,1483.24675324675,1,0.732524688311688,15385463.926391,712.00325
2016-11-07,190875054.995882,270740.91856269,4470465.95385469,187765,289968,483846,4.92557979363946,91.27487749,1294398.36,254620187304,1847956.77194818,11.5333333333333,1878.63698630137,0,0.886718801369863,13568019.0808294,703.819
2016-11-08,209569075.126419,294404.74703082,3497745.19994558,206149,265464,503015,5.2938510263851,89.25535917,1507321.2,254620187304,2139073.24972084,12.15,1751.83431952663,0,0.866265940828402,21720391.236469,708.974875
2016-11-09,289544177.641021,399624.83457231,2694658.10429461,192326,266380,474975,5.15377709020868,83.73198606,1334964.95,254620187304,1860614.01011221,9.3,1837.38095238095,0,0.891798598639456,40308934.7443685,720.9301
2016-11-10,187613065.98341,262443.61350093,1759909.00427501,191574,250080,474281,5.74872943603759,82.2928672,1501227,254620187304,2126416.01155681,11.475,1615.32142857143,0,0.804537113095238,18345512.5546658,713.690125
2016-11-11,152755406.870187,213426.02220137,1395606.56764894,181077,224529,444226,5.93186272926905,72.74402535,1459015.605,254620187304,2063129.82073667,6.96666666666667,1562.07975460123,0,0.754812558282209,14008613.8917483,715.4593
2016-11-12,119400679.089717,169726.1923975,950069.93175984,169506,216563,450559,6.65696341278992,65.89536127,1478735.98,254620187304,2126416.01155681,6.46666666666667,1362.41666666667,0,0.710403196428571,13568553.6888432,703.718
2016-11-13,124728414.928839,177264.2083607,1131283.72920148,162551,266080,411263,5.88346854361226,63.15492634,1259145.885,254620187304,1809985.0574561,8.33333333333333,1547.74825174825,1,0.773230048951049,19900672.8562117,701.901125
2016-11-14,168532361.935663,238427.33527009,1547251.34937591,185144,275530,486756,5.82563741499221,79.42615064,1523261.75,254620187304,2177044.96421293,11.725,1572.70930232558,0,0.790227994186047,20324888.3717734,706.467875
2016-11-15,190622060.179289,267596.06959962,1759582.2338065,194699,286128,514795,5.16175946572997,81.45867865,1389794.85,254620187304,1974529.15358847,8.08333333333333,1797.12820512821,0,0.854411583333333,22288622.30351,710.910125
2016-11-16,270653443.720995,365762.72513885,1959594.27361589,192586,273640,494246,5.66628316760838,79.74219285,1590935.5,254620187304,2177044.96421293,10,1692.94186046512,1,0.791251610465116,44865031.1506733,736.914375
2016-11-17,249776321.209158,339167.23861979,1604094.50628332,196176,272098,484633,5.51158601156165,89.03665576,1467356.7,254620187304,2012500.86808055,9.73333333333333,1745.03144654088,0,0.898399018867924,36131321.2177081,736.9615
2016-11-18,198644445.344916,265255.37515345,1605921.95574594,191304,245559,488365,5.24777696458114,83.54457183,1385428,272434584596.115,2073243.13718006,8.98333333333333,1864.35810810811,0,0.932392641891892,22349404.1599065,747.5217625
2016-11-19,151778076.971463,201492.26302848,1119382.03027167,181839,242796,476358,5.57095134616145,72.14751446,1337807.52,281800917193,1989192.73972682,11.5,1758.87323943662,0,0.852874091549296,15115192.2451999,750.030875
2016-11-20,128523869.494965,176064.91889499,1177096.4320142,185468,283934,438202,4.99273353599604,73.70174219,1177092.75,281800917193,1807083.54524478,11.15,1911.13953488372,1,0.903049,26489236.6726895,729.066625
2016-11-21,193256336.367135,261528.29875788,1566281.00354851,202961,282436,490392,4.74482117799573,95.49432851,1300552,281800917193,1961175.94057573,17.3,2052.95714285714,1,0.923045742857143,18741837.418617,738.537625
2016-11-22,223163107.161973,298362.35515532,1711822.46950454,197281,273901,515387,4.65197432348756,101.52105178,1264052.4,281800917193,1877125.54312249,18.625,2131.60447761194,0,0.958884813432836,25591017.7097474,748.749375
2016-11-23,206011265.457985,278393.60197025,1723439.70294708,203465,329909,505599,5.20133085011339,108.95046532,1371590,281800917193,2059234.73760452,20.3,1883.83673469388,0,0.95107656462585,19866229.8841036,741.6384
2016-11-24,252699561.026461,342722.47301271,1901222.46965214,237899,311945,489272,4.8361170921349,137.18975526,1540282.37,281800917193,2297377.53038872,19.275,2033.32926829268,2,0.952280768292683,16755125.577681,737.450375
2016-11-25,194997124.167486,263360.15257217,1465067.3963313,229743,274803,523079,4.78469002076947,138.07167767,1450482.78,281800917193,2129276.73548223,12.9666666666667,2074.91447368421,0,0.942782921052632,14432748.7066858,739.786125
2016-11-26,183108641.961441,250151.83535491,1213751.2555608,206872,234044,481755,5.31261348730079,102.63163486,1424452.54,281800917193,2157293.53463331,13.75,1814.11688311688,1,0.943726090909091,12319132.9647757,733.673
2016-11-27,129855387.792683,179648.58651783,950718.26391209,175472,295352,454515,5.72795881395757,81.15381886,1303985.32,281800917193,2017209.5388779,12.65,1648.53472222222,0,0.821504368055556,11359826.8065504,727.9655
2016-11-28,198614920.794124,271509.89828593,1514724.19163008,210817,290723,515310,5.2918398448601,109.57588157,1511320.32,281800917193,2297377.53038872,9.76666666666667,1820.30487804878,0,0.909111365853659,17786517.7480325,733.052125
2016-11-29,224707688.253139,307376.63395546,1427319.39932026,202251,289146,506247,4.945988407003,102.53218663,1388629.475,281800917193,2115268.33590669,9.65,1947.94701986755,2,0.905745052980132,18774731.9526761,732.712125
2016-11-30,204169344.001553,276016.41746864,1366660.3885926,209455,236205,500015,4.73807895798913,99.56774283,1321104.2,281800917193,1989192.73972682,18.45,2060.94366197183,0,0.912247464788732,21330877.4838201,742.6967625
2016-12-01,195432627.804891,259387.11483979,1513280.75387222,174808,315002,485327,6.05973964116815,102.70561249,1391603.68,281800917193,2045226.33802898,9.03333333333333,1641.65753424658,0,0.899509287671233,26804422.4922784,752.246125
2016-12-02,230344673.8832,297726.02869817,1792011.06355991,234234,284484,513735,4.67067313373388,121.34014523,1419702.8,286179638739.035,2052749.31684044,29.25,2210.15972222222,1,0.976719097222222,33314155.0444478,772.43725
2016-12-03,154632778.482412,202377.73332951,1235161.95219588,218841,242653,492197,5.97263578799691,101.13526766,1648884.64,286765766820,2451895.01733719,8.41666666666667,1674.3488372093,0,0.880861970930233,15079718.4056597,764.339625
2016-12-04,100618181.332359,131451.42837108,916341.42138662,183623,274820,457491,6.05321782327796,92.63816666,1422187.52,286765766820,2109770.13119712,13.8,1659.7972972973,0,0.856999168918919,11710058.4724994,764.81625
2016-12-05,208779869.830331,276149.23791113,1721222.67250402,184952,316624,548221,5.45577473295542,106.12511446,1450084.72,286765766820,2166790.94555379,9.31666666666667,1828.95394736842,0,0.882688315789474,26745481.4464203,754.63975
2016-12-06,219286012.919509,290179.8527432,1651414.71147095,229284,306943,540804,4.7135263345892,119.47737538,1435055.31,286765766820,2138280.53837545,12.5333333333333,2131.74666666667,0,0.962761093333333,20977699.2164244,756.6215
2016-12-07,225933753.512577,294814.12588415,1551778.12748542,219652,279248,539249,5.64935594064909,107.751729,1686375.18,286765766820,2494660.6281047,9.06666666666667,1779.20571428571,1,0.88484412,23775580.3539686,766.1166375
2016-12-08,217843730.62686,283650.69092039,1425236.29620903,200782,264834,500354,5.59267774895041,96.23895714,1516416,286765766820,2238066.96349964,8.76666666666667,1800.70700636943,0,0.850177687898089,18396293.927808,769.72975
2016-12-09,214235917.980702,278051.52303171,1526017.12753924,189833,247017,465342,5.11282408670082,96.30486037,1312529.715,286765766820,1924452.48453791,12.2833333333333,1991.22222222222,0,0.9303238,16139725.074413,770.028125
2016-12-10,149402091.270243,193275.66787871,1170744.74867142,188659,228523,454665,5.36514438737061,86.84229837,1287818,286765766820,1881686.8737704,12.8,1895.76515151515,0,0.89848171969697,11258173.0415231,773.40125
2016-12-11,123861653.731951,161208.9255033,1064341.90545624,168897,265362,439143,8.00966630477894,77.34598554,1807112.16,286765766820,2679978.2747639,6.1,1238.53191489362,1,0.685657085106383,10790493.5546028,768.303125
2016-12-12,214657678.018391,276318.05112749,1692640.2805042,185255,287506,498688,5.90780513919389,93.1264006,1520295.45,286765766820,2223811.75991047,14.575,1722.19230769231,0,0.806014641025641,19721035.4162894,777.006875
2016-12-13,200234698.520361,256895.58980853,1566232.61036767,203294,281967,498359,6.20506374544943,97.65573127,1739710.08,286765766820,2537426.23887221,8.7,1639.08426966292,0,0.814901382022472,20077997.9098794,778.4935
2016-12-14,211719980.773475,273363.43547253,1655833.79460135,235798,278259,495472,4.95631567387657,94.82014754,1354213.25,286765766820,1981473.29889459,9.68333333333333,2059.91366906475,0,0.901627870503597,14993051.0509129,774.897
2016-12-15,221944104.663404,285532.10428844,2047186.30565281,233091,274282,479430,4.641313458122,100.43219466,1249509.75,308312273901.189,1958064.6377955,14.9,2225.86614173228,0,0.955426385826772,15357872.5322933,776.75215
2016-12-16,240778360.046723,307291.63428846,1883877.69280813,207424,235086,495266,4.93665881819369,97.57905572,1317539.325,310153855703,2050571.62855749,17.025,2100.45864661654,0,0.966616796992481,17973313.8851134,781.568375
2016-12-17,184331270.312852,233038.68609319,1323237.1119241,178464,232272,458680,6.26799691483796,81.66348442,1439997.295,310153855703,2235585.61008148,15.1,1648.51034482759,1,0.814087737931034,17068492.2552878,788.7055
2016-12-18,155830419.342663,197173.82749097,1411672.89554392,177716,281182,418498,6.17845760969553,80.81959375,1398471.24,310153855703,2173914.28290682,9.83333333333333,1672.26241134752,0,0.861416375886525,10243644.9345956,788.40575
2016-12-19,221887382.554979,280515.0221934,1851507.45397615,194881,292493,508681,5.56683782077419,104.70908587,1511601,310153855703,2343510.43263714,13.85,1874.02631578947,1,0.915327776315789,15301931.7389363,789.524125
2016-12-20,245012593.471542,308362.60757091,1939201.3316321,207795,321356,508908,4.89623593708803,101.92528818,1380945.28,310153855703,2127660.78752582,10.7166666666667,2148.35507246377,0,0.970379615942029,19671152.5655045,793.0901375
2016-12-21,321107915.440672,388618.76777929,2851534.3441744,227280,310432,540310,5.33409405743363,114.92502583,1659583.38,310153855703,2451435.25519279,8.78333333333333,2048.28301886792,0,0.963965635220126,44854043.0263223,824.2189375
2016-12-22,331099339.956595,384847.08366064,2459189.60192818,216607,300356,528878,5.72479963876116,106.17675284,1717668.81,310153855703,2451435.25519279,8.58333333333333,1978.89308176101,0,0.919836194968553,54177733.5753325,860.599875
2016-12-23,389259376.149416,431035.31929554,2633796.22254997,205183,237189,522516,5.92333841190912,100.48771495,1720367.4,310153855703,2343510.43263714,12.775,2006.55921052632,0,0.887989592105263,71128607.5418054,901.3182375
2016-12-24,200327041.129221,223986.76289368,1526634.41658269,177864,195740,420206,6.67038846288675,83.58322018,1540552.325,310153855703,2112242.95573216,16.325,1757.8102189781,0,0.854889503649635,36632649.452525,891.6126125
2016-12-25,208080003.143178,232569.57990743,1105164.79607362,148365,241536,353857,9.63716474566166,62.62071481,1867686.25,310153855703,2574777.90954212,10.3,1195.29341317365,2,0.647507083832335,31411463.3441557,886.900375
2016-12-26,243946016.489717,270013.07915095,1513037.04037673,172836,292846,448557,6.87229410666318,87.97239373,1610869.18,310153855703,2189332.11470048,13.55,1724.74647887324,0,0.855863281690141,30528384.4926024,897.335375
2016-12-27,322486430.118183,345270.85375765,2242009.72892466,199187,301503,509115,6.4552667916496,99.53217417,1828791.58,310153855703,2405181.7598118,13.025,1900.9358974359,0,0.87663907051282,36349743.3696379,930.376
2016-12-28,326666676.589496,334220.04971301,2063689.69191721,206054,301119,514772,6.89491041114568,104.35263976,2011489.2,312083434211.183,2589949.6705277,7.66666666666667,1862.15853658537,0,0.868480195121951,58947752.6219215,967.480375
2016-12-29,309246380.699094,319522.21513793,1781841.82843875,209027,283433,512156,6.2982623399158,107.23074067,1831153.28,317688400354,2368856.40597046,14.55,2030.7,0,0.94039782,49469080.7609056,963.381625
2016-12-30,316213793.617025,331471.42322822,2207636.67870298,192400,247437,496024,6.86103096086815,100.318724,1880751.855,317688400354,2479403.03824908,8.5,1826.86624203822,0,0.871707828025478,55218054.0176341,952.156375
2016-12-31,207605277.463184,215512.42846351,1379308.87090979,174427,176753,449831,7.43760288358385,82.32831226,1785013.43,317688400354,2337271.65389085,12.275,1691.03378378378,0,0.803915554054054,20372836.6699476,959.879875
2017-01-01,170736309.72805,170022.21641909,1084340.88487883,123002,290282,355324,11.2106393985944,65.07949883,1961202.6,317688400354,2463610.66220928,10.85,1157.0641025641,0,0.698539769230769,33991911.0589763,997.729875
2017-01-02,284471581.552279,278211.81569905,1600838.41441307,202393,297650,529708,7.3598996966634,113.9071518,2060337.5,317688400354,2526780.16636849,9.81666666666667,1835.5125,1,0.94521121875,57597031.9813785,1015.9771125
2017-01-03,340688236.307294,329964.39351796,1950525.35497193,200407,326689,515023,7.41869341189104,117.50869676,2141405,317688400354,2589949.6705277,12.35,1839.41463414634,0,0.906573518292683,41550985.515731,1023.141875
2017-01-04,439183172.082455,386434.81925425,2503952.37922816,215669,284086,545635,7.30005800257256,195.73590001,2308231.5,317688400354,2432025.91012967,10.7,2143.92207792208,1,0.986141097402597,143134274.569835,1126.7633375
2017-01-05,524577602.081473,526684.33943923,2998215.1115476,193322,284086,495909,6.43856338366217,114.99194252,1773876,317688400354,2210932.64557243,10.9166666666667,2060.72142857143,0,0.984196892857143,208498259.793043,994.674875
2017-01-06,428452344.250553,483798.94337235,3100652.30632102,233379,342362,562749,5.47169859369831,127.77072194,1805295.6,317688400354,2542572.54240829,11.4833333333333,2151.58385093168,0,0.984330583850932,134165115.237893,883.099175
2017-01-07,310258543.039847,344066.51921823,2162212.68055872,187066,280726,503340,5.84219053396215,107.1366432,1583004.57,317688400354,2195140.26953263,10.4333333333333,2048.3381294964,1,0.987336633093525,97175659.2798539,896.830375
2017-01-08,211475099.038537,230638.88390195,1679995.29932851,176421,256862,455738,7.68051537509684,91.2413482,1915883.445,317688400354,2637326.79864711,6.63333333333333,1557.49101796407,0,0.810419437125749,55303632.4843293,908.1490375
2017-01-09,267769180.272303,297521.31141367,2095379.05522492,174250,267011,475571,6.00799910347216,102.04592665,1548900,317688400354,2147763.14141322,10.7166666666667,1984.90441176471,0,0.923003161764706,41076985.165461,894.18025
2017-01-10,284257957.754426,311898.39337535,2359325.55048213,213386,320848,541167,5.96524635354597,119.94087094,1842810.36,319489481520.344,2679581.83959097,10.7166666666667,2024.3,0,0.9597204875,31485218.7142953,906.056914285714
2017-01-11,389299060.467785,495840.25634963,3980330.05363409,198078,299020,491692,5.24439232197782,111.82087465,1522759.635,336899932795,2562350.13410886,15.275,1980.77124183007,0,0.923016352941176,131253668.407873,785.2237375
2017-01-12,317369300.888689,394742.84616561,3589294.90458276,189880,294259,483077,6.12628405518382,106.35637276,1750688.225,336899932795,2897297.86405773,8.5,1721.13294797688,1,0.802814323699422,76636270.2560265,803.372375
2017-01-13,256962364.991016,310296.05007851,2386792.84945669,179515,271629,466560,5.97551333927693,97.90853957,1577154.54,336899932795,2528855.36111398,8.98333333333333,1822.17880794702,1,0.841531470198675,55509952.1156339,826.2956625
2017-01-14,154658301.415581,189694.9606471,1500321.71960315,172353,238971,446468,7.52762110090844,86.85666196,1759417.4,336899932795,2880550.47756029,6.83333333333333,1408.54069767442,0,0.742766639534884,27475928.3064257,817.912875
2017-01-15,159034173.050971,193769.24854518,1725125.55521011,167553,232132,417278,7.5457079855467,82.22432059,1716577.71,336899932795,2796813.54507307,7,1413.16766467066,0,0.677067658682635,15757955.9716831,822.2076
2017-01-16,207038818.877579,249414.31017658,2087940.5458589,178460,264758,473646,6.87348698862571,103.64270285,1769358.15,336899932795,2830308.31806796,12.6,1583.66863905325,0,0.758334798816568,22109924.906282,830.505125
2017-01-17,292157921.607734,323187.1166802,2310740.48936348,192960,288284,502461,6.43761458436386,109.39305302,1808883.99,336899932795,2646087.06659608,15.15,1852.51265822785,0,0.900242,66791560.4066119,903.84575
2017-01-18,259176379.480173,295532.82797803,1939717.7512744,201646,295079,500305,5.859603530162,108.62581158,1672839.35,336899932795,2528855.36111398,12.425,1978.48344370861,1,0.894532337748344,51289482.2487611,874.9949625
2017-01-19,234505943.285775,260588.21802822,2603895.11021261,202899,296740,516338,6.84769146974938,112.3957332,1969902.99,336899932795,2914045.25055518,10.025,1727.61494252874,0,0.83436874137931,43734448.33771,895.798875
2017-01-20,230407548.73571,256692.90188916,2588414.2228519,198629,295214,516009,7.42246564692024,104.84963495,2134044,336899932795,3165256.04801683,10.9,1578.71428571429,0,0.722272793650794,27016866.7627579,893.6210875
2017-01-21,206063844.495384,222988.6857433,1533463.23287317,182888,260542,484668,8.26441797191318,94.58963263,2095396.75,336899932795,3031276.95603728,9.925,1456.14364640884,0,0.693088834254144,31572727.7097366,920.4479
2017-01-22,210976459.033776,229821.85079932,1135726.93181573,163626,233672,428797,8.76633252505003,87.1148655,2002158,339477557142.08,3398969.89226469,9.975,1361.41379310345,0,0.674559781609195,41096750.8556545,918.603625
2017-01-23,198400469.237764,215184.89071341,1530243.91590179,158453,234193,426712,7.19730678388108,110.16262179,1639777,392963262344,2715269.05186662,14.475,1702.82014388489,1,0.909334100719424,24607895.5300569,922.0736125
2017-01-24,234204104.007399,263431.86998189,1956073.13571153,192356,275603,497858,6.41007939331801,143.1652105,1723423.425,392963262344,2910612.14912321,24.275,1866.95973154362,0,0.973657704697986,43906538.8674194,890.320225
2017-01-25,271755757.078402,304488.2432251,1938599.4457214,220010,302881,514638,5.86501738046516,135.6068154,1721632.5,392963262344,2930146.45884887,12.5666666666667,2039.74,1,0.987908926666667,29651242.1492039,893.045625
2017-01-26,230425627.049524,251581.08007285,2132882.68827064,222117,313554,518118,6.01481945741382,125.18892663,1834109.775,392963262344,3066886.62692848,10.2166666666667,2024.86624203822,2,0.993201216560509,26226846.7074643,915.95625
2017-01-27,172944033.546429,188459.94044311,1800256.17837771,179074,260698,462950,7.80271007335454,114.04371837,1976661.18,392963262344,3320832.65336205,10.225,1549.01176470588,0,0.837679805882353,24900535.1567151,919.27975
2017-01-28,110954977.315008,120787.04258111,1249362.25322997,180418,242288,461291,7.5403344818644,122.5350693,1787595.6,392963262344,2969215.07830019,16.925,1621.01973684211,0,0.877465684210526,12103240.4580891,920.31225
2017-01-29,130997412.192317,143425.20631994,1375857.61441293,170909,237157,438727,8.34373632945534,119.8377983,1944065.475,392963262344,3262229.72418507,13.025,1446.86826347305,0,0.862491646706587,8485259.81216795,915.933
2017-01-30,147934759.574722,161054.23778466,1478650.01856987,163899,246218,449341,7.18636326175217,137.40589477,1736959.14,392963262344,2852009.21994623,10.4333333333333,1718.00684931507,2,0.955701965753425,14680425.2805374,921.179325
2017-01-31,219553619.752864,227771.61979507,1791768.77982267,213057,302946,523036,6.13459670765498,145.66158893,1817471.16,392963262344,2832474.91022057,23.925,2121.95172413793,0,0.959546324137931,50109300.3574851,964.706075
2017-02-01,265703457.690108,271145.34475943,2078948.61654927,231385,344621,599052,7.14182849381542,154.9165724,2400828.5,392963262344,3750587.46732655,13.475,1825.83333333333,0,0.962289427083333,35717457.4338599,979.703875
2017-02-02,208080409.797509,206551.92554845,1851685.66567972,171605,254199,452585,8.16914873961879,142.30055361,2047540.5,392963262344,3066886.62692848,15.35,1653.24203821656,0,0.913956592356688,49171054.9126541,1007.6137125
2017-02-03,267715754.140828,264280.11267604,2438292.66080767,214257,318987,560374,6.33955422199547,162.42120704,1970791.5,392963262344,2910612.14912321,16.4666666666667,2171.56375838926,0,0.970819201342282,54515239.4869296,1013.027
2017-02-04,219852279.334503,212973.24356728,2125684.60324484,195848,281343,500098,7.03707622242271,139.35303348,1935046.35,393567551403.428,3043000.84286989,21.35,1974.66206896552,1,0.952473055172414,43595760.4769448,1030.9994125
2017-02-05,189360700.467203,187004.44446692,1800248.44228853,199580,286914,510277,7.36196400298336,136.17869567,2069248.1,422170566883,3336807.82080216,16.675,1837.11320754717,0,0.957944603773585,32909742.4905623,1014.837725
2017-02-06,218667131.435876,213855.38526736,1679402.41655712,151760,225330,440409,7.63420112112654,154.93020175,1694793.75,422170566883,2623276.58868094,18.2833333333333,1840.216,0,0.97920132,27544311.1141287,1024.01375
2017-02-07,265069291.958752,252326.78910876,2038903.52207676,224817,320854,557390,6.64743742180354,170.75671139,2077363.75,422170566883,3168918.11912658,23.875,2154.09271523179,0,0.945680754966888,40471212.3531638,1050.11
2017-02-08,268446935.564006,256176.10035691,1959826.10628621,209157,302557,516490,6.73688578415787,157.14493504,2002536.9,422170566883,3063987.05557934,13.0333333333333,2111.75342465753,0,0.961128719178082,63366305.5174033,1052.3766125
2017-02-09,354395954.966886,362368.05211338,3197018.8721855,246187,340140,575007,6.4533756234765,174.18568718,2148177,422170566883,3546669.94789663,16.625,2050.55621301775,0,0.956030319526627,141974564.616208,976.103
2017-02-10,295832936.515696,296633.84790504,2778948.34104064,198306,299823,507435,6.52224360742681,141.11220269,1914816,422170566883,3105959.48099823,10.4333333333333,2057.13513513513,1,0.96775197972973,64475260.1990833,999.1035
2017-02-11,162450165.438162,162125.91361094,1418142.39805423,184468,259093,474676,7.07418427239944,117.08000976,1792077,422170566883,2917083.5666132,17.1583333333333,1889.8273381295,0,0.963661302158274,29598254.9419976,1008.8466625
2017-02-12,116833030.142373,117232.79396981,956506.55591642,166527,235095,422084,7.80446105132899,102.74261946,1790373.935,422170566883,2959055.9920321,13.975,1689.23404255319,1,0.867444907801418,14753502.2943912,1000.604625
2017-02-13,193290194.995132,193640.68463432,1591074.64555236,190031,284458,503160,7.52831173147146,136.77242215,2090708.955,422170566883,3420752.67163994,9.26666666666667,1768.65030674847,0,0.910462159509202,29689012.9491394,999.877375
2017-02-14,230076645.459022,227168.88374706,1925169.97318271,207875,311031,530239,7.24357950484001,140.99131586,2198282.4,422170566883,3546669.94789663,12.775,1864.40236686391,0,0.884733266272189,39199176.3512473,1011.78025
2017-02-15,202631991.871541,199854.02097992,1750347.68364851,199797,291325,495896,6.43708798741959,134.04888989,1822485.25,422170566883,2917083.5666132,19.275,2120.76258992806,0,0.940088316546763,22919392.2049625,1012.3259875
2017-02-16,216881376.302926,209183.4262181,2996789.97501355,191928,281408,489189,7.5251327358625,170.92843209,2071526.4,422170566883,3189904.33183602,11.6333333333333,1877.16447368421,1,0.974114078947368,41105343.5009764,1035.208125
2017-02-17,274772401.339594,259513.03488817,2501945.95773614,209538,315601,550072,6.79895385078555,165.84442388,2094835.8,422170566883,3168918.11912658,12.8666666666667,2117.66225165563,0,0.969075198675497,50584844.5090165,1055.53685
2017-02-18,177697930.51844,167671.19316705,1252864.20270827,199746,284460,510385,7.55219851010821,153.36709614,2102643.2,432944392642.632,3330515.74407375,10.7666666666667,1895.71710526316,1,0.962217342105263,29732832.5167383,1056.6371375
2017-02-19,171469835.057977,162299.8912049,1419255.29316553,169258,248233,458998,7.57344382365939,129.44377921,1835140.5,440779902286,2936112.56385449,11.5166666666667,1878.51492537313,0,0.930882358208955,18054662.2987521,1052.77928571429
2017-02-20,194658608.624167,177737.95528138,1561277.91468099,182905,278516,503952,7.78577936585332,159.91401438,2121402.4,440779902286,3242870.59291391,17.125,1910.32432432432,0,0.951329385135135,32526100.4136988,1084.7550125
2017-02-21,239455904.826168,211907.88037714,1754148.40967314,189194,275202,487720,7.65567842430435,165.81707207,2066770,440779902286,3023757.71501432,12.2833333333333,2022.39130434783,0,0.949667442028986,67820657.9251045,1123.78842857143
2017-02-22,223493550.830208,198255.61148781,2560354.04829138,189154,280309,489247,7.62353891692926,183.25580355,2084941.35,440779902286,3045669.00280428,16.1333333333333,2043.3381294964,1,0.977311863309352,59657200.0932713,1123.2231875
2017-02-23,329524919.718002,278550.22799493,3342958.48696884,220819,322248,551454,7.57414567315793,211.65472424,2381379,440779902286,3286693.16849383,11.9833333333333,2172.75333333333,0,0.96071238,70101141.96999,1172.01715
2017-02-24,377500126.850084,319779.86179592,1957414.54834467,240873,346494,590852,7.75985925152151,230.61490244,2628973.5,440779902286,3637273.77313317,20.875,2112.9578313253,3,0.971672168674699,137557162.436563,1174.86625
2017-02-25,227869925.569404,198406.55252016,1233214.15529548,231099,323031,561871,8.01543116888514,191.30417997,2521531.75,440779902286,3659185.06092313,10.6333333333333,1955.21556886228,0,0.966332389221557,44343352.2449211,1150.60571428571
2017-02-26,199679377.83796,168919.1928246,1128100.26650729,185121,261607,462926,10.6359831219494,161.17260121,2725922.6,440779902286,3900209.22661268,11,1489.90449438202,0,0.921750853932584,32750847.1231284,1175.04975
2017-02-27,263969347.794839,221116.89378023,1881223.05020547,187473,280623,501496,8.37129395535862,195.38746144,2305227.8,440779902286,3155225.44175408,12.1666666666667,1976.07638888889,0,0.945149270833333,39226303.2746645,1190.75195
2017-02-28,254779003.31351,214370.21734414,1954778.73833876,207820,321282,542156,7.8153897645109,227.3714723,2451281.25,440779902286,3352427.03186371,12.55,2126.88888888889,0,0.968234019607843,44954233.9267473,1187.56528571429
2017-03-01,288085091.743255,234425.17026874,2493836.06705258,198193,311841,531642,7.89584625294896,229.59036693,2416017.4,440779902286,3155225.44175408,14.3833333333333,2193.63194444444,0,0.979145951388889,60151968.3771979,1222.4994
2017-03-02,434381700.806091,345021.20794765,2742003.35844942,222994,325010,565741,8.46418895606952,252.22663973,2702443.5,440779902286,3440072.18302354,23.25,2098.26751592357,0,0.955612331210191,83439118.7658891,1259.41081666667
2017-03-03,426416987.390237,330581.43064597,4558368.40204178,220969,332794,583122,8.21100857143847,259.68606189,2670737.95,445545600358.477,3458650.32318652,19.95,2233.84105960265,0,0.985290046357616,64767014.9663137,1285.14
2017-03-04,257999763.71674,203694.74476294,1997534.74539412,184531,265535,489871,8.94037897452715,222.87178018,2317878,460769358090,3069265.84971519,21.15,2006.52985074627,2,0.986085268656716,30448848.5111001,1267.0272
2017-03-05,220204063.358142,172858.20186682,1232770.74083629,201958,277612,524842,9.32125754175297,216.69618574,2524232.85,460769358090,3367030.44707561,12.1166666666667,1909.78911564626,0,0.98330131292517,27572866.8122709,1270.9333
2017-03-06,292399611.763911,228758.88887804,1915378.95980437,178085,283724,537228,8.94679555747759,238.98093612,2484820.8,460769358090,3252505.60193699,13.8833333333333,2026.27464788732,0,0.965532563380282,38898409.9837017,1275.197375
2017-03-07,333212201.649119,269327.676729,2099918.9417359,214874,323888,571328,8.23388332703594,269.77191295,2609873.4,460769358090,3504460.26124197,14.0333333333333,2143.15032679739,0,0.97486177124183,102987980.74902,1238.447
2017-03-08,301922502.863887,260435.17886991,2522734.84456735,200261,293288,526232,7.83796320777088,233.7307623,2250201.3,460769358090,3252505.60193699,13.7666666666667,2092.30985915493,0,0.979427084507042,101928717.122955,1157.3933
2017-03-09,264212240.99959,221691.7612012,5699545.52327675,204173,299497,541481,8.19049189144338,236.67178552,2399093.4,460769358090,3389935.41610334,13.2,2051.56756756757,0,0.991798216216216,64999435.1600376,1192.46914285714
2017-03-10,300514966.413672,274668.64675411,2751691.90466803,206104,304333,551014,7.83087200528872,257.91797636,2329338.9,460769358090,3573175.16832514,10.0833333333333,1977.44871794872,0,0.991821346153846,227913163.146677,1098.61712857143
2017-03-11,245097064.430269,208984.53651967,1651256.17430034,199819,275869,518975,8.6917913888516,217.66771727,2359087.2,460769358090,3412840.38513106,15.675,1883.76510067114,0,0.997576389261745,82143460.8363771,1179.159875
2017-03-12,213603425.362402,174427.09894039,1201859.26650813,159553,217002,422478,11.786470661174,190.62879952,2509817.7,460769358090,3550270.19929742,14.375,1426.51612903226,0,0.960146464516129,52464174.4220336,1227.494625
2017-03-13,305232654.96819,247252.04938695,2089770.02013271,177078,267429,516184,9.19165614074374,220.75092528,2417768.25,460769358090,3321220.50902016,17.175,1883.30344827586,0,0.982872310344828,67990532.0203525,1239.816225
2017-03-14,340925457.298697,273550.07405817,2703063.85043817,209618,305173,561534,8.8596803234962,256.53171308,2657111.6,460769358090,3573175.16832514,15.9,1989.71153846154,0,0.962449358974359,51575349.1912959,1245.37078571429
2017-03-15,321158673.983045,255049.7728582,2274799.1552319,196607,287668,526478,8.66032103211495,236.25501962,2446625.6,460769358090,3252505.60193699,13.7833333333333,2059.39436619718,0,0.983983570422535,48633668.4881237,1257.399625
2017-03-16,498470434.730628,423293.50775359,3316344.04046344,195664,321647,594405,7.83923366416673,264.55158129,2470016,460769358090,3504460.26124197,14.25,2137.47712418301,0,0.988260130718954,125468036.183187,1180.94565714286
2017-03-17,519387257.280188,476895.83810503,3122262.97578238,187317,287239,532933,8.08669317513865,244.58901754,2279486.3,469886043903.468,3641704.83720129,9.9,1897.37662337662,0,0.995548701298701,145734375.198798,1091.1718875
2017-03-18,358857764.256591,380629.78813809,2599334.28131555,183501,258496,505650,7.79754488891472,217.05770532,1983179.8,475705205061,3712647.13922469,10.4333333333333,1678.53503184713,0,0.942046318471338,167014110.783665,952.2323625
2017-03-19,251863755.760098,245744.71242082,6359489.42599053,185919,266278,512175,8.64633832547113,213.24681536,2267078.8,475705205061,3925474.04529489,8.61666666666667,1633.96987951807,1,0.889713331325301,94921242.9058418,1029.8008125
2017-03-20,302711967.000693,290510.52495268,3296575.00979041,176246,272808,512637,7.30124753357708,241.15787713,1948540,475705205061,3216051.02506088,11.95,2037.00735294118,0,0.977387352941176,58718869.9628848,1049.0844875
2017-03-21,338645232.715583,302496.85816488,6200927.72223978,195500,283124,541181,7.86468274743799,248.6366135,2188622.5,475705205061,3357935.62910768,10.3,2028.55633802817,0,0.982003845070423,78169421.5197966,1118.63004285714
2017-03-22,378214892.374555,370726.22267649,5359150.98782612,206407,315238,572753,7.25852960623185,269.31219918,2248010.7,475705205061,3807236.87525589,13.3,1992.00621118012,2,0.982302838509317,97353030.7961921,1028.7268625
2017-03-23,311908483.334746,301915.09373221,2379458.03192202,183630,282350,537474,7.48614696397641,235.99807634,2076531,475705205061,3499820.23315448,10.95,1945.07432432432,0,0.965088912162162,47857364.1617255,1038.789
2017-03-24,393959388.238278,420627.1495177,3876256.75352733,180849,283721,540389,7.86606222002761,231.55050182,2189770.8,475705205061,4161948.3853729,6.75,1645.00568181818,0,0.869937534090909,83342548.5898384,941.919714285714
2017-03-25,317578894.427225,331578.1227706,3359560.98986217,166144,238389,490876,7.27084077996146,182.00765156,1696707.27,475705205061,3145108.72303748,9.55,1826.87969924812,0,0.939924932330827,104602038.369137,959.340085714286
2017-03-26,225668754.000464,237293.77609117,1772687.2730565,153470,217800,468755,9.55510503507209,154.65177428,2046573.52,475705205061,3925474.04529489,7.2,1336.83734939759,0,0.676743084337349,71646630.0478025,956.7863125
2017-03-27,314065026.072429,303796.69769049,2337117.33448516,153873,227049,459507,8.21038915563708,194.84378734,1848434.4,475705205061,3121461.28902967,19.425,1759.7803030303,0,0.900950257575757,79080569.2412028,1037.22925
2017-03-28,427464477.24102,409096.06396882,2332205.31071153,202688,288024,553956,7.71489610853888,233.22176362,2192722.65,475705205061,3665352.27120909,10.7,1896.78064516129,0,0.985683722580645,70342663.9449521,1046.127625
2017-03-29,268053545.277579,257967.03423884,1812147.84262912,200692,278596,534779,7.09224807045128,212.93579722,1943117,475705205061,3263345.89307648,19.675,2057.47101449275,0,0.973170391304348,61677763.7338766,1040.5755
2017-03-30,338050783.41293,325048.83020474,2164789.7447987,189341,283301,521047,8.11509019181407,203.40448684,2262000,482855238676.823,4073274.03319987,12.2,1760.90243902439,0,0.962550097560976,65011056.2650536,1037.90455
2017-03-31,458122200.819992,423794.82037002,3573848.96368438,167372,253693,489451,7.93770289661773,217.27700693,1987418.5,499635929816,3352999.96635355,20.475,1921.5037037037,0,0.960527829629629,75018988.1681226,1079.54931428571
2017-04-01,275462685.090761,252602.18715338,2859605.75588997,182969,251056,502790,7.84465918628532,190.64263242,1942180.5,499635929816,3278488.85599014,21.175,1938.41666666667,0,0.967154984848485,40562346.1917111,1086.92957142857
2017-04-02,279296199.77207,252573.88295539,4026308.73617334,169289,239570,501562,9.7616053753119,180.73640574,2296746.6,499635929816,3924251.81247304,12.625,1545.58860759494,0,0.824273556962025,59295644.2558712,1099.169125
2017-04-03,352832392.709037,309041.24788389,4163240.21378063,179599,282680,564024,9.5928744718341,221.03918997,2669294.6,499635929816,4371318.47465352,8.18333333333333,1637.16477272727,0,0.878287340909091,90396475.1700662,1141.813
2017-04-04,341916041.500689,299821.15178945,2476603.49839915,167982,251099,496730,7.85227570484092,200.30284512,1939250.2,499635929816,3104629.59847551,11.5833333333333,2048.12,0,0.977861424,67370298.1788782,1141.6003625
2017-04-05,366491387.360761,322587.26112205,2295660.84994726,209789,311013,577216,8.11568718186073,236.29861443,2485786.8,499635929816,4023599.95962426,20.625,1954.04320987654,0,0.966858444444444,58001639.013042,1133.07931428571
2017-04-06,373394291.448953,310928.71300604,2045375.19459594,191713,284981,548639,8.51364887593416,221.71976913,2391592.35,499635929816,3651044.4078072,11.5333333333333,1975.95238095238,0,0.977744884353742,92291084.7889787,1196.3079375
2017-04-07,387791486.371934,324783.48942373,5893220.1862937,191454,290414,542131,9.09310225181183,225.14679282,2599338,499635929816,4023599.95962426,15.65,1823.84567901235,0,0.977586104938272,60427563.1957669,1190.45425
2017-04-08,195546229.568523,165045.77107404,9838136.84090639,156151,223024,468193,9.8356844495986,171.61302076,2143895.6,499635929816,3402674.03992916,13.65,1656.63503649635,0,0.974429496350365,31335396.1476681,1181.1498375
2017-04-09,221823326.333475,182076.11124803,1512371.72667516,168049,234391,489532,11.0208677494048,168.05979031,2532236.55,499635929816,3949088.84926085,7.6,1498.65408805031,0,0.925461893081761,45470746.3670898,1208.8005
2017-04-10,276910114.560788,227965.84717279,2088750.28876314,173622,270502,548200,9.03271518052941,198.63497273,2406320.7,499635929816,3675881.444595,15.175,1861.45945945946,1,0.918110162162162,41204040.5528818,1207.744875
2017-04-11,356178072.388229,287518.62478869,2024632.20661539,193400,302546,582103,9.30970584813407,226.34667638,2769337.4,499635929816,4147785.14356328,15.55,1843.67065868263,0,0.962831892215569,39985187.8193362,1226.6170375
2017-04-12,324655762.716486,263669.09990781,2068435.88265545,183991,273122,548651,8.79843869512386,212.1552116,2357939.5,499635929816,3526859.22386818,16.3,1958.4014084507,0,0.982567295774648,41882984.8895408,1218.92205
2017-04-13,295378008.22586,248404.68272295,2143228.00545793,152565,224281,449521,9.38142880835307,216.66765492,2072006.75,517807877351.858,3287972.00662321,13.1833333333333,1800.62204724409,0,0.972980299212598,61700362.5584343,1180.0237125
2017-04-14,357882778.187221,296751.88904413,2216168.37031121,196552,284730,558990,8.19901334620658,235.48446532,2292003,520808749422,3598646.52693406,15.9166666666667,2087.8273381295,0,0.995109366906475,43219939.6909247,1185.26005714286
2017-04-15,277386308.860448,231541.1593159,1615444.75654168,192826,267026,520821,9.20635177223483,202.57239533,2416965,520808749422,3909321.04724491,16.1,1801.16556291391,1,0.991744397350993,21547006.6688411,1184.88067142857
2017-04-16,248846278.470972,205031.12669603,1902570.09487092,151058,206989,429263,11.3667456450687,158.85627688,2320594.4,520808749422,3779873.33044872,9.26666666666667,1450.88356164384,0,0.927419253424658,19916836.2631182,1186.9274125
2017-04-17,350736258.008662,282897.44959563,2451805.09494566,162518,239335,469209,9.63652604718972,180.72834518,2278752.4,520808749422,3572756.98357482,11.8166666666667,1776.69565217391,0,0.930786485507246,45260449.2430809,1205.634875
2017-04-18,358703371.136349,282978.36157806,2456420.95456165,194014,296133,553138,8.55355069115117,220.20687325,2500974.8,520808749422,3779873.33044872,16.575,2075.96575342466,0,0.955539787671233,51782316.2440381,1216.18674285714
2017-04-19,318007414.478796,250893.42365191,2176695.98998885,208584,303579,566248,8.16253486915632,209.52935942,2444373.75,520808749422,3702204.70037101,11.1166666666667,2168.55944055944,0,0.984213174825175,38464163.437011,1217.9300875
2017-04-20,362526871.165492,280159.86952511,2242157.58691625,184431,264274,491206,9.44214641260046,229.9178721,2456659,520808749422,3598646.52693406,12.15,1939.74820143885,1,0.974164381294964,61652281.0263289,1241.686325
2017-04-21,343765582.749132,259347.85571417,2339052.35665688,217700,324844,612635,9.35638425136145,244.38907052,2983037.75,520808749422,4323553.74099272,14.875,1978.16766467066,0,0.975939323353293,42287714.1680425,1258.3614125
2017-04-22,237925578.037371,176541.94408056,1746209.31232687,181588,264058,530089,9.99490594306051,180.34051775,2596344.05,520808749422,3753983.78708949,14.475,1853.18620689655,0,0.973032510344828,47589977.2338346,1261.311225
2017-04-23,216214543.249806,159473.77433973,1577942.29954599,172039,240651,490003,11.5206570483009,169.67309519,2732614.9,520808749422,3961100.13396339,14.3,1601.56209150327,0,0.947631065359477,48203962.2633008,1257.9881125
2017-04-24,275563451.446159,218198.46856078,1940799.63446908,150385,217457,449880,9.85703683643078,187.96137981,2119150.85645,520808749422,3210303.37654549,11.8,1795.73387096774,1,0.963089903225806,39096538.3347701,1262.902775
2017-04-25,392344255.717493,306659.17747446,3246840.06083126,215211,319182,580200,8.3421932556876,271.62738431,2615123.62125,520808749422,3831652.4171672,24.675,2198.56081081081,1,0.966010324324324,45876269.7682481,1279.4146875
2017-04-26,374510235.060813,286080.06265388,2429753.95319411,221539,328038,606556,8.47900685277777,253.84367765,2740621.5233125,520808749422,3961100.13396339,17.975,2186.08496732026,0,0.971854882352941,64754541.4959372,1309.109875
2017-04-27,403324576.012845,299790.68872916,2636893.44726295,191750,291567,554691,9.45703768500262,256.44731571,2725014.34976875,521839702599.075,3814281.63369607,20.25,2026.42176870748,0,0.967617979591837,62204334.6148579,1345.3539125
2017-04-28,422232300.36676,317159.21835551,2454474.32371981,204290,299621,582826,8.50262129962079,249.68419536,2501502.23128571,521974519553,3528859.19852154,13.5,2244.63970588235,0,0.996674536764706,61518505.2531857,1331.29442857143
2017-04-29,358298055.710941,268392.2710741,2085973.14816435,243524,335709,634025,9.46079590274922,256.37648122,3119178.52111875,521974519553,4488916.48047225,9.86666666666667,1972.94219653179,0,0.971570312138728,45569576.9201629,1334.9790375
2017-04-30,270224936.573955,199722.12699511,1786432.98478772,209172,276157,526652,10.0304456894405,199.30763935,2720215.54725,521974519553,3918071.61012318,14.5,1864.16556291391,1,0.971893516556291,43853713.7149908,1353.0045
2017-05-01,442436010.508574,312196.23083799,2509004.84642654,193785,288424,542847,10.1088875450107,227.7488656,2878277.9821875,521974519553,3892124.1160164,14.75,1965.24,0,0.977420893333333,102136864.537014,1417.1728125
2017-05-02,459618754.830704,316525.2120617,2531694.30522707,217142,327015,609090,9.79647179243477,272.67966183,3149553.4675875,521974519553,4099704.06887061,9.73333333333333,2108.61392405063,0,0.980238126582278,86306466.1607653,1452.0762875
2017-05-03,478643852.401376,317492.17304151,2625551.83579823,205663,289205,547221,9.69134714199316,247.34367708,2760373.22542857,521974519553,3425069.22209443,18.575,2235.97727272727,1,0.995290871212121,98768076.0224139,1507.57685714286
2017-05-04,600287612.488933,397991.61086844,2892428.85815552,236867,347771,676230,10.234634276482,307.09568071,3500746.022125,521974519553,4359179.00993837,11.7666666666667,2111.52976190476,0,0.971046744047619,178681011.556747,1508.292125
2017-05-05,572492738.291538,373364.40609694,2863316.31076466,182651,261046,523629,10.753205260459,261.31168454,2779169.81696429,521974519553,3347226.73977411,13.25,2071.26356589147,0,0.961245868217054,136654833.459434,1533.33507142857
2017-05-06,473676745.126314,303559.11870245,2713257.08179427,265464,357071,677421,10.3014088266781,296.57369266,3610789.2028,521974519553,4359179.00993837,15.6333333333333,2160.84523809524,0,0.964933172619048,68907283.7541348,1560.4102
2017-05-07,425425969.140285,276993.75885732,2213326.70430991,234136,309348,581369,11.4920550459623,277.03575031,3505619.68821429,521974519553,4333231.51583159,15.4,1892.28143712575,0,0.964836443113772,62492472.1884917,1535.86842857143
2017-05-08,718838977.073373,438151.01403153,3877215.60055789,245245,356775,691480,11.5327652899959,316.4495528,4062173.2011,521974519553,4670548.93921968,14.275,2028.31111111111,0,0.968144155555556,139627613.285519,1640.619225
2017-05-09,761394965.372412,442341.02894682,3162517.25139167,224910,326342,621156,11.5852089404893,302.96153363,3715393.61082857,521974519553,4021861.58655028,10.6166666666667,2147.6064516129,0,0.987786522580645,167512042.52841,1721.28497142857
2017-05-10,733569624.873217,416118.5243082,3874769.78499676,193152,302641,592447,12.1903368714567,303.26495895,3665040.51375,555092980096.736,4119773.00240534,17.45,2103.99324324324,0,0.96016579054054,131817395.910527,1762.88625
2017-05-11,663588561.074187,364410.76342711,3043753.15753014,204519,288009,568521,12.1530775385481,279.58022914,3468076.52628125,559970892890,3757901.04949136,13.85,2183.28148148148,0,0.961242696296296,151505814.831028,1820.9905625
2017-05-12,591706179.240967,343919.54287192,3073037.69219196,209738,310036,600568,12.1687961628235,322.05057537,3731717.8665,559970892890,4286790.82682718,19.025,2062.97402597403,0,0.95458051948052,139214052.651643,1720.4785
2017-05-13,444311275.691067,250751.31640067,3010157.61381839,244156,322439,623293,12.2491675743418,301.19440047,3885820.5874125,559970892890,4398136.0431084,13.4833333333333,2083.96202531646,1,0.955090025316455,111469417.308369,1771.9200125
2017-05-14,437151327.764015,246099.90830126,2545656.4177374,286896,361974,691330,11.2974352361085,297.47622441,4018027.923,559970892890,4565153.86753024,13.2833333333333,2250.59756097561,0,0.975085658536586,61547076.2306147,1776.3165
2017-05-15,691417744.077277,401257.57947956,3103702.0860401,219237,320922,636246,12.8349285317771,327.30377033,4090703.349625,559970892890,4732171.69195208,10.0333333333333,1936.64117647059,1,0.970711982352941,102816017.732826,1723.1269375
2017-05-16,578464171.297126,332635.73045983,2799129.21608075,162157,228555,453290,14.8159947344139,343.40900559,3356331.71175,559970892890,3674392.13728044,13.7,1772.55303030303,1,0.973960871212121,108385267.369336,1739.031975
2017-05-17,937290192.577895,518560.40861632,4046479.1362403,209853,307080,591515,13.7951247381312,485.9361122,4241263.69915625,559970892890,4314627.13089748,13.9,2048.56129032258,0,0.981881941935484,132248945.78022,1807.4850625
2017-05-18,677185578.422693,356585.58290426,3210225.94467341,201268,280634,570189,14.2447085625648,392.02141315,3986174.9808625,559970892890,3952755.1779835,12.0833333333333,2034.53521126761,1,0.974609492957746,110766531.518478,1899.0828875
2017-05-19,858596952.490287,437720.10435873,2945763.68201335,219526,309333,633617,15.3041348098776,442.811934,4746879.57975,559970892890,4565153.86753024,11.8833333333333,1948.18292682927,1,0.971260817073171,154137281.047623,1961.5204875
2017-05-20,681378820.785806,331908.79839663,2804084.67104612,270829,343449,646325,14.2575930594863,387.7538543,4862316.83169375,559970892890,4592990.17160055,19.325,2138.21212121212,1,0.967212927272727,136549462.179928,2052.9097875
2017-05-21,545513367.880205,266554.69422871,2312823.37124224,246467,316206,608719,13.7475987596559,352.78845637,4331490.18988125,559970892890,4091936.69833504,10.2333333333333,2218.07482993197,0,0.990363700680272,128454137.153529,2046.5344625
2017-05-22,888560604.104556,425013.92921845,3323799.8645585,226497,318975,604610,14.2301217269329,406.63804239,4499105.2965,559970892890,4064100.39426473,11.3666666666667,2245.67123287671,0,0.966800397260274,295717901.862952,2090.6623125
2017-05-23,1026598216.66908,448744.85299926,4112953.88938068,256495,354151,687290,15.9792159908485,468.38356854,5668946.092425,584152236544.97,4976737.78165219,10.7666666666667,2188.75,0,0.978685166666667,203482045.580081,2287.7102875
2017-05-24,1071925264.36522,450541.37638858,3588186.52070526,234682,327095,631835,16.8471840496321,472.94001691,5524488.081,595921917085,4562009.63318118,18,2198.97402597403,0,0.970548168831169,248904779.148447,2379.19383333333
2017-05-25,1209302552.27682,506576.47791631,3530884.9287766,252424,343608,659055,17.2939697341941,498.87943053,5871333.85971429,595921917085,4828620.58576969,11.7,2147.93865030675,0,0.976875766871166,401279047.703039,2387.20628571429
2017-05-26,946402388.927964,427853.65763293,2804635.98055144,249637,328442,641520,15.8084363445252,469.79624965,5119620.43585714,595921917085,4532386.19400468,15.3666666666667,2178.69281045752,0,0.958775267973856,324426983.641017,2211.97685714286
2017-05-27,646375171.124453,320932.55895422,2657377.9514045,255800,327292,651462,15.9517178040225,528.8278222,5121736.6836375,595921917085,4976737.78165219,17,1975.67857142857,1,0.991460916666667,321289966.612791,2014.0529625
2017-05-28,519142526.076755,236729.17066887,2786546.06826741,235008,300226,592662,17.6779335513036,421.48503001,5262057.4296,595921917085,4887867.46412269,9.78333333333333,1867.53333333333,0,0.977982139393939,185870201.067253,2192.9808
2017-05-29,574153810.848041,252272.09723391,2525128.96458489,229240,317854,594355,16.858043356994,494.90441559,5260813.81305,595921917085,4473139.31565167,10.7166666666667,2130.05298013245,0,0.977900741721854,133826839.147238,2275.9307
2017-05-30,894942260.970001,399669.58091842,3826430.14816413,234575,342419,634488,18.1852083599099,588.38790095,6132063.83141429,595921917085,5302595.61259371,13.925,1943.91620111732,0,0.980603117318436,148703191.104274,2239.20534285714
2017-05-31,853819146.38086,373509.98690076,3330411.62442271,228463,316863,614126,18.6239844507751,570.4198544,5808558.0762,595921917085,4858244.02494619,16.825,1961.18292682927,0,0.976696451219512,204425185.125556,2285.93391428571
2017-06-01,945504768.844997,394084.67517878,3357411.23059463,224706,314252,610354,20.2175347329898,569.07004507,6245228.67372857,595921917085,5035984.6600052,15.075,1880.64117647059,0,0.97774664117647,198826825.007486,2399.24267142857
2017-06-02,726398967.485236,296956.94054565,2928808.54262625,184629,266135,534561,20.6757352840681,470.15193004,5437774.58695714,595921917085,4325022.11976917,12.7666666666667,1859.85616438356,0,0.981988616438356,122456001.784644,2446.14241428571
2017-06-03,818661057.901143,324123.98086806,3233909.07777391,212821,294660,601583,24.367919569526,545.64725387,7190853.40616409,595921917085,5687700.32188822,11.0333333333333,1590.20833333333,0,0.981052463541667,129006639.128374,2525.76515847
2017-06-04,627567197.394298,249413.35979832,3486275.16396496,189103,261135,537387,23.2139449257116,441.99355556,5967104.60828572,628336862170.783,5432357.04184814,16.575,1652.44720496894,0,0.982358670807454,120095754.433804,2516.17314285714
2017-06-05,796468589.299733,295172.70586174,3259528.68113647,195204,284508,576032,23.5036883070253,475.43804182,6586584.0163125,678760110082,5533581.08610618,10.8,1767.86585365854,0,0.96443012195122,168803116.294317,2698.3138125
2017-06-06,886338620.295228,307402.77109944,2545677.65511058,203252,291156,617593,23.2556515201143,511.33813564,6705146.00152968,678760110082,5094943.56098801,16.925,1969.64238410596,0,0.990044397350993,371264851.948563,2883.31369663714
2017-06-07,883089172.782132,331375.38349026,2630808.40539208,249235,334120,657364,21.4203411950845,668.13204735,7060707.82519375,678760110082,5567322.4341922,19.3,2058.90909090909,0,0.992122860606061,205713695.041186,2664.9208625
2017-06-08,810352769.004518,290137.13023306,2395589.20058031,217758,300955,609712,23.2024410678718,490.9904414,6905690.49109375,678760110082,5567322.4341922,17.05,1862.89090909091,1,0.969814206060606,174094195.569209,2792.9991875
2017-06-09,678997662.043602,240141.37976078,2596621.09418937,186802,276088,571964,23.4775259733915,455.56014992,6408509.03145,678760110082,5094943.56098801,15.625,1868.76821192053,0,0.973540092715232,108367646.935007,2827.4913
2017-06-10,671075205.245043,235847.89724848,2449118.61011924,179875,249580,516474,24.0290415275898,390.9040331,5916952.85642857,678760110082,4757530.08012788,16.075,1808.4609929078,1,0.966455241134752,154123952.097499,2845.37285714286
2017-06-11,657286287.918019,221919.00747566,2301534.23117236,158422,218769,467561,28.9831243123208,356.12024978,6255384.1416,678760110082,4926236.82055794,15.4,1526.65753424658,0,0.945474835616438,181774994.376943,2961.8296125
2017-06-12,839906528.513899,316030.55631783,2893538.970918,182049,263515,538624,22.1954984650759,409.8643713,5779114.42340625,678760110082,4959978.16864396,13.5,1830.59863945578,1,0.967594673469388,393739719.85602,2657.6750625
2017-06-13,848899018.332959,308894.41280565,3332828.04807174,182984,284404,611325,21.1164230664176,479.43977642,5967683.91362857,678760110082,4757530.08012788,11.4333333333333,2069.33333333333,1,0.977147936170213,204283558.773255,2748.18508571429
2017-06-14,753304915.376917,307843.1224549,3266873.63574763,196888,281987,565868,18.7561544785418,454.74199601,5217092.61125,678760110082,4723788.73204186,12.55,2054.6,2,0.969356292857143,268520562.446329,2447.0415625
2017-06-15,731207789.227483,299371.01404504,3066425.90119852,196855,286986,577610,19.5629673928585,435.40345777,5540766.447125,678760110082,5162426.25716004,11.1333333333333,1915.95424836601,0,0.994383816993464,435834778.645497,2442.48025
2017-06-16,624436119.969871,253325.07100154,3448634.12057126,185527,262448,536165,20.3210444037424,375.35139576,5304593.52034286,678760110082,4993719.51672997,15.7,1823.89864864865,0,0.983088047297297,195907758.543039,2464.95981428571
2017-06-17,536083586.07985,201087.12132022,2338185.94032216,168741,232337,477378,23.936005624015,311.39831919,5461151.4595,679668719408.648,5129905.64429561,9.66666666666667,1631.40689655172,0,0.985705317241379,158849628.787881,2665.927
2017-06-18,522791407.9265,208500.29865902,2263317.85615952,151890,205883,433246,25.0368323576011,277.9955946,5066179.98395753,711697198173,5129905.64429561,10.6166666666667,1443.85517241379,0,0.93663735862069,146939437.219467,2507.38925214429
2017-06-19,610147802.967963,233129.0732389,3071769.1186712,178446,263540,532642,22.0676230676655,387.16284645,5761788.39289375,711697198173,5342177.6019906,15.475,1786.58278145695,2,0.986316271523179,146249310.047667,2617.2102625
2017-06-20,712285162.402789,258544.74981891,3018444.73833646,192117,263107,594425,21.6060995429592,388.08537505,5639440.47775,711697198173,4882255.02698479,15.3,1952.44927536232,0,0.965675224637681,204123502.969616,2754.97825
2017-06-21,823610544.473253,308347.88784242,3625571.8708005,193626,274021,585194,21.0926624673534,462.70370719,5729387.77125,711697198173,4953012.34621645,20.125,2001.45,0,0.983057978571429,208033200.754031,2671.04325
2017-06-22,692310514.891309,253845.76609373,3267161.42806557,176303,263107,534177,22.0926165409272,447.10509654,5791396.09454375,711697198173,4917633.68660062,11.9833333333333,1940.17985611511,0,0.992577848920863,143429984.705015,2727.2880125
2017-06-23,555414772.841651,204918.92534913,2401755.51512493,176357,253493,506612,24.3886818591738,338.95972894,6125531.76571429,711697198173,5660585.53853309,13.85,1624.6125,0,0.94888029375,91452068.3552582,2710.41228571429
2017-06-24,415023200.291167,160292.30208351,2254175.1962506,152618,222085,469727,24.3064024534498,307.20884336,5333679.66825,711697198173,5165284.30391144,14.65,1555.66438356164,0,0.949838753424658,146373123.475035,2589.1648875
2017-06-25,509648501.093749,202855.97048157,1868429.04665603,124604,175953,378448,24.7969420205155,258.68838592,4323782.37771428,711697198173,4316196.47313148,10.2166666666667,1481.30327868852,0,0.927724532786885,135111001.588317,2512.36628571429
2017-06-26,694801740.265596,285169.5864067,3779418.89569924,163291,254353,515883,20.0014799865828,375.05657594,5067818.19885714,711697198173,5023769.66544811,10.9166666666667,1844.40845070423,0,0.987224345070423,237329706.387851,2436.45105714286
2017-06-27,727176652.108091,288802.47535433,2770208.70309384,169266,253055,556158,19.4403848564623,367.89377898,4893544.70261429,711697198173,4634604.40967396,19.95,1982.72519083969,0,0.98994879389313,239311708.34134,2517.90311428571
2017-06-28,723115848.432698,279697.55591561,2823966.12788099,179111,273354,549136,21.6979699729345,385.86002411,5859693.92942143,711697198173,5554449.55968559,14.25,1782.23566878981,0,0.97258723566879,157399624.664812,2585.34918571429
2017-06-29,609903745.578716,239702.98533171,3186635.15883391,148813,225341,467647,20.2778838803541,341.40053758,4529057.7655,711697198173,4245439.15389981,13.45,1925.45,0,0.966836958333333,107906654.061843,2544.414475
2017-06-30,751359279.497503,303255.86546903,3475033.63820546,177910,259782,533427,21.1490258009888,357.17190559,5463199.231875,711697198173,5448313.5808381,11.8833333333333,1736.1038961039,0,0.956314383116883,103718383.040637,2477.641375
2017-07-01,505340302.274764,207610.57403305,2316434.73344175,148844,216634,440616,25.2921557169043,255.27403629,5415823.2440625,711697198173,5802100.17699641,7.11666666666667,1352.78048780488,0,0.882732609756098,105511589.739273,2434.0778625
2017-07-02,471702116.785209,188590.97610916,1799632.14846133,131023,191864,409305,32.4245281173973,197.85958294,6165436.66014286,708707940675.899,6622798.79067395,8.575,1045.42021276596,0,0.77958329787234,96748666.5112271,2501.19134285714
2017-07-03,595876275.287674,232652.8030842,2832034.60303896,163466,247094,497458,24.3558346879267,283.21012118,5975338.92485714,708659466230,5988701.03412006,7.93333333333333,1489.67058823529,0,0.815769535294118,131455113.20711,2561.22542857143
2017-07-04,568885136.293409,218824.71327885,2286343.30467359,172076,249948,548401,22.4521121831064,293.93425872,5536124.68895625,708659466230,5389830.93070805,10.1,1669.82352941176,0,0.89702977124183,130187106.934509,2599.7298375
2017-07-05,730594292.935001,278939.28636151,2513987.23811052,162749,231998,476016,23.0781398077928,225.82080685,5284210.78731115,708659466230,5248920.31814053,9.73333333333333,1590.65771812081,0,0.909539919463087,119861961.703483,2619.18750300429
2017-07-06,538505332.217494,206326.43151146,2215848.5913875,153619,218976,459294,23.3803352489387,241.52060511,5092047.08025,708659466230,5002326.74614734,14.775,1585.25352112676,0,0.956304661971831,93522266.987947,2609.96775
2017-07-07,715785277.024915,287325.35650684,2453741.07715304,170852,237821,559413,21.3790835071416,240.65571245,5027244.05042857,708659466230,5213692.66499864,9.75,1646.04054054054,0,0.937060209459459,116912656.444312,2491.20121428571
2017-07-08,558655116.259649,218043.17962244,2699738.77099774,156118,216252,451048,26.1615176171256,192.41183082,5589288.04024375,708659466230,5812562.76841065,8.03333333333333,1338.39393939394,0,0.858895296969697,91133549.9590164,2562.1306625
2017-07-09,649899495.694139,256245.374237,2367596.8213848,131794,184449,390402,25.3757097510002,157.22803089,4618491.1051875,708659466230,4861416.13357982,14.325,1363.21739130435,0,0.749616797101449,56620250.183562,2536.2389375
2017-07-10,686994894.879853,290340.44612291,3269080.45651825,164188,245860,567052,25.0797050046167,205.57250621,6117732.90435714,708659466230,6939847.66895089,6.41666666666667,1277.77664974619,0,0.746657908629442,163706108.821534,2366.17014285714
2017-07-11,651438758.555755,274884.66552628,2896549.04491078,177044,259517,563334,21.1347640711734,207.57617324,5418689.75697857,708659466230,6094383.99354571,10.3,1536.17919075145,0,0.890107624277456,184411999.561849,2369.86212857143
2017-07-12,568381379.604232,238240.26823744,2631445.67662563,176186,251176,513002,22.5907671119239,222.35199706,5595773.27428572,708659466230,6235294.60611324,11.3,1452.75706214689,0,0.88156415819209,153172924.853367,2385.74857142857
2017-07-13,443677408.29146,188415.37831089,2516299.99475323,164902,239800,489848,20.8122478228042,210.79018124,4943867.78329167,708659466230,5530741.54327559,14.125,1566.2101910828,0,0.855335471337579,106346343.510297,2354.78341666667
2017-07-14,486550966.171203,222073.27749605,2601799.879111,154200,222649,473082,18.7740093079213,215.37764419,4133223.08758333,761764941640.259,5559049.84406697,10.6333333333333,1639.58992805755,0,0.900208978417266,133121604.152023,2190.94783333333
2017-07-15,448326857.892318,217740.56141369,1958573.71804338,152423,216511,446599,18.2450928042084,378.35756847,3915180.1334,804525194568,5079131.8719173,19.725,1746.85826771654,0,0.97498737007874,205297978.825804,2058.9956
2017-07-16,461314550.094561,238872.7911214,2035268.69111756,143741,198860,406436,20.9545142473426,166.92852306,4114452.06615,804525194568,6518885.7883663,8.03333333333333,1246.41104294479,0,0.840269717791411,152530374.288047,1931.2143
2017-07-17,570175601.509061,261954.17112031,2658035.61301638,150915,225090,475431,19.3552504756376,198.03657541,4307537.8817625,804525194568,5918988.32317922,13.325,1556.18243243243,0,0.94528775,242313696.007367,2176.6234875
2017-07-18,619790724.757426,267137.09795138,2653766.96798901,176377,254413,561055,20.3632828845527,224.51846967,5135590.600375,804525194568,6598872.11705791,13.3,1579.24242424242,0,0.959427872727273,262461203.849224,2320.12225
2017-07-19,584802118.292619,258217.49167811,2509365.82786204,169750,248342,519400,18.4211876644384,201.60223858,4503486.59445,804525194568,5958981.48752502,15.3,1703.14093959732,0,0.939300073825503,186988238.223787,2264.7657
2017-07-20,755326162.652794,260620.10265072,2443211.00041247,154014,224769,477427,28.3811205289123,229.27219537,6303559.80625,804525194568,6478892.6240205,7.53333333333333,1420.98148148148,0,0.929456129629629,281540460.651042,2898.18841666667
2017-07-21,678739138.707783,253053.57998798,2264274.48135723,184411,260942,542764,21.7292934867622,249.73969757,5613834.8937125,804525194568,6158947.30925405,18.175,1743.13636363636,0,0.976516766233766,384806565.899718,2682.1953625
2017-07-22,498204137.656356,177447.78049873,1793088.27485509,155964,216965,433135,27.2899321116255,171.03691992,5890365.48028571,804525194568,6398906.29532888,8.03333333333333,1395.9875,0,0.92575418125,215642445.091624,2807.60985714286
2017-07-23,423959853.132146,155550.21819622,1600323.65108757,129890,177243,353197,34.2574087823378,125.37693822,5998934.92638333,804525194568,6878824.26747855,9.45,1052.50581395349,0,0.683351726744186,169964412.20341,2725.54971666667
2017-07-24,552414399.138306,200745.03152739,2393466.60029161,164489,234998,469352,27.4178394023029,166.96352984,6381472.96525714,804525194568,7118783.25355338,10.95,1348.7191011236,0,0.89442411235955,139976350.753785,2751.82102857143
2017-07-25,758199393.1264,296056.23190559,7336256.31276614,165157,238500,511831,21.1827607238871,168.49293292,4978579.95,804525194568,5918988.32317922,14.525,1648.89189189189,0,0.934254324324324,288015952.527245,2560.99791666667
2017-07-26,676202732.850874,271020.03428842,3704928.86247153,160389,232701,460146,21.0323989655489,167.53481996,4829127.82765,804525194568,5878995.15883341,9.15,1618.04761904762,0,0.967338823129252,176626997.822606,2495.02858571429
2017-07-27,827890554.604792,312691.77266599,2481256.08559528,153571,220311,443425,24.5681537468962,166.27056958,5348202.5,836351931635.429,6585327.48529789,8.48333333333333,1463.43506493507,0,0.923606636363636,146490393.915232,2647.625
2017-07-28,1328334473.74626,477537.03043209,4203872.08972441,160855,240817,487086,23.2182586091969,188.43132327,5563273.16666667,860221984436,6414280.01814729,8.23333333333333,1648.04666666667,0,0.916863406666667,232077673.061138,2781.63658333333
2017-07-29,928609716.26399,341085.52993273,4134542.02443456,150145,205225,416822,27.3234713779916,156.46665323,5536229.74975,860221984436,6713613.08566083,12.875,1344.8025477707,0,0.872203152866242,127294021.518869,2722.51278571429
2017-07-30,1121219506.56105,408316.71911196,8866222.52448205,120310,180109,386558,29.4602390171924,138.11682207,5226926.135625,860221984436,6285994.41778435,12.375,1252.68707482993,0,0.810337360544218,152859034.12126,2745.95541666667
2017-07-31,1772644310.58777,618414.99003852,2947402.79044772,174451,225772,485988,24.9077350303986,194.86886623,5550844.9225,860221984436,6200470.68420905,17.225,1593.18620689655,0,0.926722013793104,127009234.076638,2866.43166666667
2017-08-01,1369195845.96077,505161.32127589,2633798.15211866,107242,130345,301131,39.8406904201534,75.94662047,5102352.598,860221984436,6371518.15135965,11.75,885.06711409396,0,0.725291630872483,214878001.378837,2710.41306666667
2017-08-02,1412768876.84739,524484.35295545,2820428.45897889,146066,203050,403175,26.1295513683129,130.51485681,5295684.41123333,860221984436,6499803.75172259,12.3,1377.11184210526,0,0.878083467105263,117440138.307372,2693.63398333333
2017-08-03,970956325.844183,347500.15006616,2133227.078621,147327,205843,427728,24.2544947429171,124.10595421,5009853.06598333,860221984436,5901137.61669551,11.1166666666667,1543.60144927536,0,0.868854710144927,113131475.036807,2794.11771666667
2017-08-04,1196484564.99912,416334.92143627,2329716.15325999,170634,229312,467900,28.6538187642821,113.47123621,6553817.39554167,860221984436,7654374.1549891,6.6,1317.27374301676,0,0.924147648044693,106217903.395446,2873.85108333333
2017-08-05,983755829.874634,305693.18522792,1958602.78141455,171803,232773,463849,31.2195822549574,113.56678695,7255240.305075,860221984436,7568850.42141381,10.375,1354.6384180791,0,0.881231593220339,344352179.136612,3218.11501666667
2017-08-06,1044204487.05969,321040.55690193,1759850.47466035,146171,193455,408435,29.9453755974741,87.90639938,5802571.55946667,860221984436,5986661.35027081,12.425,1425.90714285714,0,0.786434007142857,122798187.412306,3252.56253333333
2017-08-07,1385571339.14303,406656.61751305,2359919.57315269,172075,241118,512717,27.8367716352641,121.82649183,6700311.56775,860221984436,6542565.61851024,7.7,1627.46405228758,0,0.943697823529412,198345493.030077,3407.22683333333
2017-08-08,1245606695.55827,360275.33482536,2700000.25991305,190148,265704,587787,27.7150895905198,159.06311046,7395323.699,860221984436,7012946.15317437,12.05,1680.32926829268,0,0.979247707317073,241759565.088791,3457.37433333333
2017-08-09,807119553.20315,240405.45275459,2423175.5980359,188985,253174,532314,24.2251882922394,157.95191308,6117048.54896667,888074709977.536,6333394.73736857,11.7,1890.97826086957,0,0.954165920289855,199170113.975786,3357.32631666667
2017-08-10,963128414.09316,281254.30230846,2835042.93782607,179015,249804,550474,24.7995813173909,193.18600285,6163927.56,923233068448,6149818.07831441,13.1666666666667,1925.11194029851,0,0.981281641791045,153824056.618621,3424.4042
2017-08-11,991542730.422875,272963.77444305,3229999.64436041,182752,273509,580987,26.0279020047727,234.94470226,7130610.58666667,923233068448,6608759.72594982,11.9333333333333,1972.22916666667,0,0.967170902777778,195208159.042682,3632.50666666667
2017-08-12,870629381.104836,225972.98654355,2414521.11750102,180360,252439,530699,28.0729476205503,210.75240215,7067966.94625714,923233068448,6195712.24307795,19.4583333333333,1929.78518518519,0,0.97991502962963,332122906.137614,3852.80291428571
2017-08-13,926444961.956574,224562.88412238,2243479.26248676,183205,254611,516470,31.9582464359649,189.71104645,8147957.3395,923233068448,6792336.38500398,8.45,1779.12162162162,0,0.983320155405405,381628414.15467,4125.54802
2017-08-14,873611922.486482,203972.34514715,2822187.04217318,172251,247068,542909,31.4343300227319,249.18827382,7782196.464,923233068448,5966241.41926025,17.375,1964.32307692308,0,0.955262761538462,168021272.437397,4282.992
2017-08-15,1206087776.35741,286004.19119451,2679106.22240755,218682,300436,650899,30.5149581533081,350.45038263,9146734.44467143,923233068448,6975913.04405814,15.05,2046.06578947368,0,0.975069901315789,592573698.109937,4217.02832857143
2017-08-16,982522797.133453,225303.95287487,2954985.44512964,198126,266961,543436,31.2950262618608,347.52500864,8320553.07068572,923233068448,5966241.41926025,14.25,2114.35384615385,0,0.966727707692307,341988374.479416,4360.87687142857
2017-08-17,1318331836.48347,304554.25517204,2790880.55218694,238791,337055,631515,32.4395672738311,365.31634907,10849951.008825,923233068448,8215055.49267373,8.65,1940.32960893855,0,0.978681603351955,351792037.668382,4328.72571666667
2017-08-18,1137241535.01308,275331.80887693,2669279.00876073,191134,301461,580732,29.1076896476238,337.96192313,8775119.92163334,923233068448,6838230.54976752,14.425,2095.63758389262,0,0.959987362416107,373082615.758036,4130.44006666667
2017-08-19,1323689299.86848,313472.69392998,2352589.93866989,187994,258336,535350,34.0781114496628,265.91179874,8768358.08796429,923233068448,6930018.8792946,9.91666666666667,1767.09933774834,0,0.966455158940397,322665040.396549,4222.66221428571
2017-08-20,755018135.82287,181583.87597231,1783558.8404568,152932,203607,444725,36.1657474174431,208.98199629,7392849.38326667,923233068448,5966241.41926025,11.9333333333333,1621.93846153846,0,0.961449,177654410.099107,4157.95803333333
2017-08-21,819457187.48811,202649.23936119,2497994.70442613,166247,227242,501755,29.6392219444412,297.96496476,6787387.377,923233068448,5277828.94780714,13.8166666666667,2058.88695652174,0,0.976487,123200186.512389,4043.722
2017-08-22,881477645.717734,215933.01456173,1843217.52772626,144844,189037,419158,30.0873175739441,334.18474511,5749751.915025,923233068448,4084580.66395509,28.95,2205.42696629213,0,0.998175235955056,504190986.228416,4082.18098333333
2017-08-23,1059426386.83923,253757.86221134,2363819.52862018,227705,305147,628516,33.4471853579656,541.97068152,10230714.975,923233068448,7297172.19740292,12.55,1985.74842767296,0,0.986510666666667,257486335.948642,4174.95
2017-08-24,756043560.937531,174190.8736831,1648686.5401843,149191,196200,423332,35.1071307558562,385.99923422,6929315.63815833,891643263404.624,4459277.5076504,12.65,2017.87128712871,0,0.938786227722772,218844386.909857,4340.31671666667
2017-08-25,765174341.395903,175375.84051831,1419457.76485436,155103,199952,471224,35.3857399993455,425.81587924,7153227.770775,888171856257,4459277.5076504,17.1166666666667,2061.07920792079,0,0.92875899009901,246665524.629258,4363.05445
2017-08-26,696876277.133024,159815.1929658,1402892.59232257,174536,219933,472784,33.4580977132132,425.31312205,7319121.602025,888171856257,4635882.55745833,20.5166666666667,2157,0,0.998218152380952,139377309.636477,4360.51331666667
2017-08-27,781459739.10363,179468.16791116,1285150.42558278,192479,239910,509082,38.1799461432944,358.8427277,9642615.80416667,888171856257,6843445.68005754,11.0833333333333,1689.61935483871,0,0.990802012903226,112660557.886513,4354.30833333333
2017-08-28,925154460.78649,210661.0287116,1720458.17982114,152466,215537,504370,39.0685562607301,378.17846684,8451775.682825,888171856257,5695512.85630595,11,1734.65891472868,0,0.98130023255814,209634566.495669,4391.67351666667
2017-08-29,1144825472.10891,248443.81227569,1958313.30089661,192323,265191,593017,38.0987098377116,461.76014165,10384095.211575,888171856257,6578538.10534563,15.95,1886.68456375839,0,0.99817711409396,317010671.85489,4607.98545
2017-08-30,1010875740.75228,219995.30221876,1638679.81694412,181406,258886,565808,42.1217239652623,388.49753062,11046350.7914,888171856257,7417412.09193333,11.35,1615.86904761905,0,0.983372113095238,202687613.639907,4594.98785
2017-08-31,1192190047.07208,251079.61705344,1789355.67612996,187994,267739,589297,41.4521710392677,413.21489691,11260486.7325,888171856257,7196655.77967341,14.15,1722.23312883436,0,0.981641533742331,220351499.90189,4748.255
2017-09-01,1228012219.93815,250015.72065525,1802440.92605982,193054,270293,591520,44.2872484407702,382.74200641,12131997.8411667,888171856257,7682319.66664524,11.625,1630.28735632184,0,0.971879586206896,338585244.352781,4911.74001666667
2017-09-02,918257379.547961,200475.91684273,1580305.84700538,169698,224454,536081,45.2698291343419,290.49925993,10374577.6422,888171856257,7240807.0421254,11.025,1443.96951219512,0,0.809001018292683,440710136.096623,4580.38748
2017-09-03,795926407.795165,171234.72742958,1424953.24126513,139007,186748,437076,51.5095420634187,239.13526989,9700709.88521667,888171856257,6799294.41760555,10.75,1268.11038961039,0,0.765766662337662,308302328.0213,4648.15998333333
2017-09-04,1422579714.85704,327474.10651346,2420753.39615032,173405,255198,561328,40.5388144641476,325.4016802,10527922.2704417,888171856257,7726470.92909722,11.5,1538.74285714286,0,0.927660777142857,513527217.625004,4344.09831666667
2017-09-05,1403653848.42835,312706.91971194,6493150.03892282,173899,263568,601576,44.3207546450325,281.90480312,11928773.77205,888171856257,8697798.70304087,8.825,1410.90355329949,0,0.763565624365482,467133132.497132,4488.72014
2017-09-06,1347017552.02148,290191.55564021,2520446.76902912,176488,264180,587813,38.6100088661482,272.59987797,10290919.41095,903315386418.901,7430760.7659943,7.9,1705.09259259259,0,0.904135802469136,384503428.817761,4641.82201666667
2017-09-07,1261424204.1056,271002.52448286,2233112.27531996,176631,244953,526959,44.6147384071214,257.33579475,11050159.279,922724699725,8072925.27663579,11.8,1456.67045454545,0,0.810041318181818,222544560.603045,4654.6585
2017-09-08,1024260564.1264,237606.1057972,2168325.69503364,189605,265933,606485,37.098192635562,217.76572461,10028960.301525,922724699725,8027056.38301854,8.33333333333333,1597.07428571429,0,0.913187714285714,503768705.75522,4310.75018333333
2017-09-09,778259235.638952,177865.07807325,1849746.7984409,148937,208197,452503,45.3309977689943,144.85041627,9554034.21192,922724699725,7751843.02131505,7.21666666666667,1289.2899408284,0,0.731735857988166,117381164.671261,4375.55952
2017-09-10,875474655.953428,202190.24353681,1623220.04883032,136003,184514,412029,41.861872736776,143.23841995,7845878.46,922724699725,6329907.31918033,12.95,1400.28985507246,0,0.784202855072464,331793077.940704,4329.955
2017-09-11,848892503.35962,199829.21737278,2692005.49771615,167093,243006,537474,39.1261242032831,159.73383041,9592187.25763333,922724699725,7981187.48940129,7.73333333333333,1456.85057471264,0,0.82935225862069,250115590.43003,4248.09001666667
2017-09-12,906438524.081371,214844.90570682,2430941.86072376,172192,245104,549109,41.1465642933594,148.9079562,10193192.4658667,922724699725,8623352.00004277,8.925,1362.92553191489,0,0.71123920212766,311636501.265497,4219.03661666667
2017-09-13,1003125422.22574,253233.20588187,2831212.88400122,175899,251282,543777,37.740262623902,133.73148672,9617966.63546667,922724699725,8715089.78727727,6.43333333333333,1385.89473684211,0,0.713780389473684,541722553.542839,3961.27126666667
2017-09-14,889710944.008651,268015.09325095,3200145.08440588,177594,256389,552954,28.8379765102822,153.73503588,7489085.28,922724699725,7981187.48940129,11.85,1540.62068965517,0,0.80235058045977,736178849.380965,3319.63
2017-09-15,1503345854.32898,398314.8351992,3534612.48517044,210298,277657,637364,29.240311870431,12.81949192,8227898.31766667,922724699725,8256400.85110478,11.925,1622.66111111111,0,0.844177233333333,1267434715.96796,3774.26528333333
